user alura_db;

--INSERINDO USUARIOS

INSERT INTO USER (ID, NAME, USERNAME, EMAIL, PASSWORD, ROLE, created_at) 
VALUES (1, 'Maria Silva', 'msilva', 'msilva@gmail.com', '$2a$12$5/tPZlSa8TK/6MURen.ime5Sb5s7.5ogd9nmYQAi8AyxFEX4TPD2m', 'ADMIN', '2024-01-01');

INSERT INTO USER (ID, NAME, USERNAME, EMAIL, PASSWORD, ROLE, created_at) 
VALUES (2, 'Joao Silva', 'jsilva', 'jsilva@gmail.com', '$2a$12$5/tPZlSa8TK/6MURen.ime5Sb5s7.5ogd9nmYQAi8AyxFEX4TPD2m', 'INSTRUCTOR', '2024-01-01');

INSERT INTO USER (ID, NAME, USERNAME, EMAIL, PASSWORD, ROLE, created_at) 
VALUES (3, 'Ana Souza', 'asouza', 'asouza@gmail.com', '$2a$12$5/tPZlSa8TK/6MURen.ime5Sb5s7.5ogd9nmYQAi8AyxFEX4TPD2m', 'USER', '2024-01-01');

INSERT INTO USER (ID, NAME, USERNAME, EMAIL, PASSWORD, ROLE, created_at) 
VALUES (4, 'Pedro Oliveira', 'poliveira', 'poliveira@gmail.com', '$2a$12$5/tPZlSa8TK/6MURen.ime5Sb5s7.5ogd9nmYQAi8AyxFEX4TPD2m', 'USER', '2024-01-01');

INSERT INTO USER (ID, NAME, USERNAME, EMAIL, PASSWORD, ROLE, created_at) 
VALUES (5, 'Laura Santos', 'lsantos', 'lsantos@gmail.com', '$2a$12$5/tPZlSa8TK/6MURen.ime5Sb5s7.5ogd9nmYQAi8AyxFEX4TPD2m', 'USER', '2024-01-01');

INSERT INTO USER (ID, NAME, USERNAME, EMAIL, PASSWORD, ROLE, created_at) 
VALUES (6, 'Carlos Oliveira', 'coliveira', 'coliveira@gmail.com', '$2a$12$5/tPZlSa8TK/6MURen.ime5Sb5s7.5ogd9nmYQAi8AyxFEX4TPD2m', 'USER', '2024-01-01');

INSERT INTO USER (ID, NAME, USERNAME, EMAIL, PASSWORD, ROLE, created_at) 
VALUES (7, 'Fernanda Costa', 'fcosta', 'fcosta@gmail.com', '$2a$12$5/tPZlSa8TK/6MURen.ime5Sb5s7.5ogd9nmYQAi8AyxFEX4TPD2m', 'USER', '2024-01-01');

INSERT INTO USER (ID, NAME, USERNAME, EMAIL, PASSWORD, ROLE, created_at) 
VALUES (8, 'Ricardo Santos', 'rsantos', 'rsantos@gmail.com', '$2a$12$5/tPZlSa8TK/6MURen.ime5Sb5s7.5ogd9nmYQAi8AyxFEX4TPD2m', 'USER', '2024-01-01');

INSERT INTO USER (ID, NAME, USERNAME, EMAIL, PASSWORD, ROLE, created_at) 
VALUES (9, 'Amanda Oliveira', 'aoliveira', 'aoliveira@gmail.com', '$2a$12$5/tPZlSa8TK/6MURen.ime5Sb5s7.5ogd9nmYQAi8AyxFEX4TPD2m', 'USER', '2024-01-01');

INSERT INTO USER (ID, NAME, USERNAME, EMAIL, PASSWORD, ROLE, created_at) 
VALUES (10, 'Bruno Lima', 'blima', 'blima@gmail.com', '$2a$12$5/tPZlSa8TK/6MURen.ime5Sb5s7.5ogd9nmYQAi8AyxFEX4TPD2m', 'USER', '2024-01-01');

INSERT INTO USER (ID, NAME, USERNAME, EMAIL, PASSWORD, ROLE, created_at) 
VALUES (11, 'Julia Ferreira', 'jferreira', 'jferreira@gmail.com', '$2a$12$5/tPZlSa8TK/6MURen.ime5Sb5s7.5ogd9nmYQAi8AyxFEX4TPD2m', 'USER', '2024-01-01');

INSERT INTO USER (ID, NAME, USERNAME, EMAIL, PASSWORD, ROLE, created_at) 
VALUES (12, 'Lucas Silva', 'lsilva', 'lsilva@gmail.com', '$2a$12$5/tPZlSa8TK/6MURen.ime5Sb5s7.5ogd9nmYQAi8AyxFEX4TPD2m', 'USER', '2024-01-01');


--INSERINDO CURSOS


INSERT INTO COURSER (ID, NAME, CODE, DESCRIPTION, USER_ID, STATUS, created_at, INACTIVATED_AT) VALUES (1, 'cursoA', "curso-a", "curso A", 2 , "ACTIVE", '2024-01-01', null);
INSERT INTO COURSER (ID, NAME, CODE, DESCRIPTION, USER_ID, STATUS, created_at, INACTIVATED_AT) VALUES (2, 'cursoB', "curso-b", "curso B", 2 , "ACTIVE", '2024-01-01', null);
INSERT INTO COURSER (ID, NAME, CODE, DESCRIPTION, USER_ID, STATUS, created_at, INACTIVATED_AT) VALUES (3, 'cursoC', "curso-c", "curso C", 2 , "ACTIVE", '2024-01-01', null);
INSERT INTO COURSER (ID, NAME, CODE, DESCRIPTION, USER_ID, STATUS, created_at, INACTIVATED_AT) VALUES (4, 'cursoD', "curso-d", "curso D", 2 , "ACTIVE", '2024-01-01', null);

--INSERINDO MATRICULAS

INSERT INTO ENROLMENT(ID, USER_ID, COURSE_ID) VALUES(1, 1, 1);
INSERT INTO ENROLMENT(ID, USER_ID, COURSE_ID) VALUES(2, 2, 1);
INSERT INTO ENROLMENT(ID, USER_ID, COURSE_ID) VALUES(3, 3, 1);
INSERT INTO ENROLMENT(ID, USER_ID, COURSE_ID) VALUES(4, 4, 1);
INSERT INTO ENROLMENT(ID, USER_ID, COURSE_ID) VALUES(5, 5, 1);
INSERT INTO ENROLMENT(ID, USER_ID, COURSE_ID) VALUES(6, 6, 1);

INSERT INTO ENROLMENT(ID, USER_ID, COURSE_ID) VALUES(7, 1, 2);
INSERT INTO ENROLMENT(ID, USER_ID, COURSE_ID) VALUES(8, 2, 2);
INSERT INTO ENROLMENT(ID, USER_ID, COURSE_ID) VALUES(9, 3, 2);
INSERT INTO ENROLMENT(ID, USER_ID, COURSE_ID) VALUES(10, 4, 2);
INSERT INTO ENROLMENT(ID, USER_ID, COURSE_ID) VALUES(11, 5, 2);

INSERT INTO ENROLMENT(ID, USER_ID, COURSE_ID) VALUES(13, 6, 3);
INSERT INTO ENROLMENT(ID, USER_ID, COURSE_ID) VALUES(14, 7, 3);
INSERT INTO ENROLMENT(ID, USER_ID, COURSE_ID) VALUES(15, 8, 3);
INSERT INTO ENROLMENT(ID, USER_ID, COURSE_ID) VALUES(16, 9, 3);

INSERT INTO COURSE_EVALUATION(ID, COURSE_ID, USER_ID, RATING, submited_at) VALUES (1, 1, 1, 4,'2024-01-01' );
INSERT INTO COURSE_EVALUATION(ID, COURSE_ID, USER_ID, RATING, submited_at) VALUES (2, 1, 2, 4,'2024-01-01' );
INSERT INTO COURSE_EVALUATION(ID, COURSE_ID, USER_ID, RATING, submited_at) VALUES (3, 1, 3, 5,'2024-01-01' );
INSERT INTO COURSE_EVALUATION(ID, COURSE_ID, USER_ID, RATING, submited_at) VALUES (4, 1, 4, 4,'2024-01-01' );
INSERT INTO COURSE_EVALUATION(ID, COURSE_ID, USER_ID, RATING, submited_at) VALUES (5, 1, 5, 9,'2024-01-01' );
INSERT INTO COURSE_EVALUATION(ID, COURSE_ID, USER_ID, RATING, submited_at) VALUES (6, 1, 6, 9,'2024-01-01' );

INSERT INTO COURSE_EVALUATION(ID, COURSE_ID, USER_ID, RATING, submited_at) VALUES (1, 2, 1, 9,'2024-01-01' );
INSERT INTO COURSE_EVALUATION(ID, COURSE_ID, USER_ID, RATING, submited_at) VALUES (2, 2, 2, 9,'2024-01-01' );
INSERT INTO COURSE_EVALUATION(ID, COURSE_ID, USER_ID, RATING, submited_at) VALUES (3, 2, 3, 9,'2024-01-01' );
INSERT INTO COURSE_EVALUATION(ID, COURSE_ID, USER_ID, RATING, submited_at) VALUES (4, 2, 4, 9,'2024-01-01' );
INSERT INTO COURSE_EVALUATION(ID, COURSE_ID, USER_ID, RATING, submited_at) VALUES (5, 2, 5, 9,'2024-01-01' );
